x,y,temp,humidity,windspd,winddir,rain,days,vulnerable,other,ranger,pre1950,heli,resources,traffic,burned,wlf
7.834467005,8.306801375,99.50696435,65.94070394,7.614523132,W,3.69E-05,127,1157.377161,0,0,1,0,117.067076,med,791.620319,0
2.694921592,3.551932608,69.88765702,31.89504503,6.534183526,E,4.00E-05,115,1134.429689,0,1,0,1,127.5980188,hi,451.9518976,0
6.498186086,4.106110939,91.15293023,57.60607329,11.58096453,SE,4.11E-05,119,1209.603068,0,0,0,1,132.2736786,hi,584.4513607,1
8.750841394,8.887995444,54.36059284,46.16671985,15.38335118,E,3.97E-05,112,1118.691631,0,0,0,0,116.4826087,hi,589.6815837,1
9.20021048,9.81014704,77.4427913,25.49094517,7.096638973,NW,4.54E-05,146,1319.237687,0,0,1,0,136.5217503,lo,1010.567058,0
4.389528942,6.842229179,80.15204405,46.36138352,8.403634472,NE,4.29E-05,118,1185.512829,0,0,1,0,121.4636272,lo,776.507913,1
8.329759303,6.256841949,71.1995391,46.69367843,10.84613752,S,3.71E-05,107,1096.058903,0,0,0,1,118.1385585,hi,602.1131019,0
12.7762813,7.102120409,59.35819845,26.20846323,17.36985561,NW,3.81E-05,110,1081.696639,0,0,0,1,119.7812429,med,518.9837109,1
7.859533578,7.431143469,83.96567633,53.41501622,12.7232452,SE,4.44E-05,140,1314.092004,0,0,1,0,133.0810962,hi,915.6106818,1
9.257165323,13.76450339,69.31566224,28.68501215,13.88338808,N,4.55E-05,132,1277.519237,0,0,0,1,136.5461681,med,881.0871393,1
12.58638105,9.429313647,79.9671802,36.48543104,9.475427476,NW,4.20E-05,130,1225.633292,0,0,0,1,140.1616485,med,778.2765258,0
7.239222309,8.258401501,93.63541028,40.83597023,14.35726436,SW,4.32E-05,114,1153.957776,0,0,1,0,120.8148283,lo,675.4665278,0
5.38458095,4.480479516,71.5049222,52.28627116,1.091095495,SE,3.59E-05,107,1061.484857,0,0,0,1,120.1851155,hi,453.3236828,0
9.496734902,13.31234078,71.95824117,26.27762432,5.632382573,N,4.74E-05,148,1354.743934,1,0,0,0,118.3571555,hi,1245.092842,1
10.16723423,9.222713307,94.41540399,51.57247701,2.682428748,NW,4.43E-05,155,1432.299563,1,0,0,0,124.1999569,lo,1410.038075,0
6.870242828,8.666592128,69.07811307,52.99483528,3.479153129,NW,3.87E-05,107,1055.057912,0,0,0,1,115.7477629,hi,500.9747812,0
6.798585158,5.129327028,72.72411153,17.55819386,11.50317113,SW,5.00E-05,156,1407.004661,1,0,0,0,126.0817918,lo,1334.196988,0
7.070985775,6.619369336,61.76369796,34.56312863,13.45378183,N,4.44E-05,109,1156.156106,0,0,0,0,122.2067975,hi,629.2972879,1
6.235643055,8.362777364,82.48951856,40.968718,14.06691612,N,4.71E-05,138,1249.030601,0,0,0,1,140.1584566,med,787.5282662,1
11.61624691,7.60835351,59.35132147,12.89827126,15.23901278,NE,3.98E-05,120,1147.455884,0,0,0,0,121.5605575,lo,594.2930274,1
6.621226537,6.25959674,88.45216412,47.03743644,16.64342762,NE,4.05E-05,115,1054.51984,0,0,0,0,108.5502426,lo,594.1600988,1
6.604335608,8.875910263,72.8025696,49.29370953,18.20845647,N,4.91E-05,127,1287.230505,0,0,0,1,142.6830332,hi,796.3795378,1
9.296754026,9.507258105,75.14735666,30.28316826,20.46754507,SE,4.27E-05,133,1315.246712,0,0,1,0,131.9839971,med,961.1175548,1
6.177157744,7.958624983,93.43363867,57.35439305,15.05088312,S,4.00E-05,120,1169.406167,0,0,1,0,118.310088,lo,655.5708815,0
10.52878912,11.39667966,81.44983997,57.60073095,9.276244789,NW,3.79E-05,112,1113.704427,0,0,1,0,110.67933,hi,602.7602481,1
11.81156414,11.62642722,82.77068871,43.85621494,10.99231953,NE,5.33E-05,143,1449.711234,1,0,1,0,126.2600741,med,1230.162723,1
8.796260869,10.00354157,75.17083922,34.17571871,14.32861459,E,4.20E-05,133,1261.457567,0,0,0,0,126.5029023,hi,812.9365832,1
8.060962051,9.575602187,52.54523875,4.058124119,6.480631325,NW,3.52E-05,126,1093.630051,0,0,0,1,120.9633501,lo,564.0791816,0
2.680943796,3.459026112,70.30536106,20.72098411,13.36094341,S,3.60E-05,119,1109.001325,0,1,1,0,117.9173164,lo,618.6614936,0
15.9308855,8.993495092,79.67596285,52.52729436,5.432465698,SE,4.12E-05,125,1193.540216,0,0,1,0,123.4631518,hi,662.7531718,0
13.24605593,8.365984992,118.8804014,83.69040224,10.95893266,E,4.67E-05,152,1412.77402,1,0,1,0,124.5651583,med,1384.044679,1
10.70777575,14.11249749,62.96325229,26.38478193,8.778406489,SE,3.87E-05,116,1075.320536,0,0,0,0,109.3388058,med,548.3344444,0
8.608815858,6.306642603,63.40657568,28.38273788,16.35461616,E,4.27E-05,113,1153.533259,0,0,1,0,120.7946673,med,585.6178495,1
1.851552198,5.237792902,99.80608032,55.90856461,11.72418151,NW,4.70E-05,156,1385.906588,1,0,1,0,121.6483155,lo,1304.137975,1
14.02366426,12.56620109,81.81350887,31.37791516,2.094925775,SW,4.56E-05,154,1362.134373,1,0,1,0,118.1026092,lo,1252.500676,0
7.415602664,5.602599933,72.68566076,43.88748363,6.058771314,NW,3.68E-05,111,1036.120866,0,0,1,0,106.6842604,hi,549.8956154,0
4.336077,7.331587411,96.691594,48.42725991,11.56148725,S,4.44E-05,152,1378.046173,1,0,0,1,132.003588,lo,1307.674002,0
3.827983913,10.3938565,48.82757766,11.82459301,12.052035,NE,3.42E-05,104,1027.860535,0,0,1,0,102.7062043,med,337.703953,1
14.69464115,11.28808331,77.89307885,39.71058176,9.571146777,SE,4.27E-05,114,1197.696094,0,0,0,1,133.8528889,med,682.8541013,1
7.366857494,16.68124744,47.74128347,15.00408797,4.732343621,W,3.70E-05,102,1048.556306,0,0,0,0,110.8014278,lo,386.1215606,0
4.741298484,6.601576041,81.87268482,37.79634518,14.06939362,SE,4.85E-05,154,1386.104425,1,0,1,0,121.0920964,med,1424.925854,1
9.289490885,11.64045884,73.2892134,41.05316664,8.20774949,W,3.53E-05,92,957.6843361,0,0,0,1,110.667815,med,253.1008577,0
6.503566926,10.29452963,75.3300432,44.44972611,9.515077127,SW,4.39E-05,133,1277.279744,0,0,0,0,134.3645408,hi,840.0611836,0
6.645749035,6.221519031,92.15514901,59.92747664,14.96288941,NW,3.60E-05,125,1165.410364,0,0,1,0,118.7017598,med,755.9579237,1
10.94121201,5.904593476,69.47235773,27.72022912,12.74204153,W,4.45E-05,108,1156.031184,0,0,0,1,128.9882594,hi,568.2427501,0
9.367093483,8.573434207,65.74568713,38.03864314,8.7671809,E,4.28E-05,116,1160.534754,0,0,0,1,128.1016198,med,562.1161695,1
7.985548831,12.64992378,64.6728219,29.69648548,0.684416131,NW,3.73E-05,114,1123.848748,0,0,0,1,124.6338433,hi,534.6371373,0
5.847481165,8.039049522,72.73744548,49.14137382,17.83149589,S,3.95E-05,97,991.637974,0,0,0,1,112.3537533,hi,198.23157,0
9.703314115,7.815512444,74.9111736,40.91529838,16.48653077,S,3.88E-05,134,1225.798126,0,0,0,1,134.9043066,hi,887.6347815,0
10.65041877,8.865539335,88.3689656,63.49261261,10.66013157,S,3.32E-05,100,1001.925281,0,0,1,0,99.34441215,hi,267.6017452,0
6.852973821,10.02328748,83.85751156,53.71638494,12.26297636,E,4.67E-05,136,1317.266887,0,0,1,0,131.6455681,hi,854.6730123,1
6.562580433,8.497934911,100.8590575,66.4615447,7.02831159,W,4.10E-05,133,1257.192188,0,0,1,0,126.3769905,hi,866.0276457,0
8.59793987,7.567412492,43.23791919,10.27740819,8.248954659,N,3.27E-05,94,921.5039415,0,0,1,0,96.24294844,hi,166.5941643,1
10.47073502,7.376812046,88.54177926,47.97034365,0.154445311,NW,4.91E-05,143,1359.706497,1,0,0,0,113.0474442,lo,1248.675883,0
11.99679059,9.576557941,88.6204098,52.72125892,12.61832243,SE,3.65E-05,120,1109.880115,0,0,0,1,128.5148966,med,691.9423568,1
6.456139972,7.647355399,81.0006906,66.6503039,9.644227269,E,4.56E-05,114,1164.374107,0,0,1,0,115.5812587,hi,649.8932311,1
9.76965748,6.128078214,66.7886309,30.36148547,5.396190518,N,4.43E-05,140,1280.248424,0,0,0,1,131.1630602,hi,906.7606254,1
5.809640879,9.407982325,64.1938593,28.53620051,5.667935329,S,3.96E-05,135,1247.408196,0,0,0,0,129.6134584,hi,1003.36059,0
6.602740201,9.295715126,66.85661718,35.79109886,4.935420469,SE,4.11E-05,121,1164.418641,0,0,0,1,121.8853259,hi,593.9571948,0
6.021082184,11.55904046,61.61516418,12.81856846,17.2961985,E,4.87E-05,136,1403.486416,1,0,0,0,122.1699014,lo,1248.895861,1
6.480147637,7.705131892,77.25677991,42.29021468,0,W,4.40E-05,146,1336.436157,1,0,0,0,119.1280836,med,1186.27081,0
10.32248836,10.51732228,79.74991575,58.44816131,4.582738839,SW,3.62E-05,110,1058.342121,0,0,1,0,107.4606433,hi,574.4839731,0
8.511364231,4.478399948,72.46935964,31.22641823,3.561507288,E,4.82E-05,140,1360.512114,1,0,0,0,121.8274727,med,1190.427777,1
9.39046344,6.902464477,26.46067354,0,0,NE,3.86E-05,102,1042.990075,0,0,0,1,114.0625192,hi,251.2609728,1
9.115986172,8.309900463,97.05458413,43.02081551,13.61402017,W,4.29E-05,142,1272.031337,0,0,1,0,130.3739034,lo,852.3898741,0
8.671061801,7.717989465,80.43879246,67.58258837,12.34954276,W,4.36E-05,99,1101.46913,0,0,0,1,123.9711055,hi,217.7022049,0
12.83525541,6.779803546,65.64912004,21.62145413,7.968546647,N,4.26E-05,137,1316.139221,0,0,0,1,145.5265099,med,1076.402821,1
8.150236533,8.439362692,68.57897268,44.60667815,6.513447986,E,3.70E-05,99,1049.388552,0,0,0,1,117.063717,hi,317.1809517,1
7.241478864,4.579181778,93.74124677,58.83970129,9.279637852,S,4.35E-05,147,1375.028078,1,0,0,1,136.6500094,med,1234.45468,0
8.966552514,9.351896554,71.95737448,40.62707356,8.723765527,SE,3.62E-05,105,1086.623968,0,0,0,1,122.3834113,med,527.76463,1
7.390075911,6.616801849,64.9226984,42.60354585,7.266039531,SW,4.77E-05,137,1315.527403,0,0,1,0,135.0062341,hi,857.7280595,0
7.922738086,7.651691571,64.35543595,25.3457262,18.80027392,E,3.96E-05,106,1055.840937,0,0,1,0,107.5920531,med,368.0030059,1
11.04648474,13.01661863,93.3177749,46.51915541,14.32997854,W,4.12E-05,138,1230.312731,0,0,1,0,121.7884492,lo,884.1212493,0
8.104880721,10.21492295,84.8052027,39.83020999,12.04590155,S,4.46E-05,120,1215.032353,0,0,0,0,120.1679098,lo,839.2478586,0
5.445606929,7.74797182,50.86919213,1.536606894,8.991299572,S,4.85E-05,134,1289.632336,0,0,0,1,140.6685613,lo,915.6249126,0
4.468155925,5.000031207,71.11980876,25.39998789,3.96201924,N,4.08E-05,117,1108.136409,0,0,0,1,119.5058767,lo,551.8110514,0
10.12084706,10.70823533,88.25161134,50.83570953,2.844021457,NW,4.38E-05,100,1105.799639,0,0,1,0,109.2013734,lo,509.3714333,0
7.741802372,5.82788963,82.24207153,40.56878178,8.107801093,SE,3.67E-05,114,1095.593575,0,0,1,0,106.889371,med,536.1491866,1
9.002295246,7.319580712,96.94161792,46.136876,7.595215085,SW,4.69E-05,153,1378.404697,1,0,0,1,128.3298307,lo,1350.473428,0
6.121788131,10.91253742,97.99390475,68.8739513,8.460317655,E,3.57E-05,120,1124.209942,0,0,0,1,123.3953395,hi,730.4187423,1
8.903905403,7.626171974,93.91898712,71.63937648,10.47177305,NW,4.34E-05,104,1104.273409,0,0,1,0,119.6340962,hi,404.2775916,1
10.75676389,13.86674859,45.90913706,11.51454413,4.718957739,E,4.12E-05,104,1096.253729,0,0,1,0,116.7011801,hi,401.3553128,1
6.307002459,9.435477307,73.24791461,33.76836749,10.02468053,E,3.75E-05,109,1050.833341,0,0,0,1,118.4165357,med,476.8385184,1
8.887669896,9.662857014,67.24311453,17.7348117,10.74206915,N,4.07E-05,148,1320.643062,0,0,0,0,134.6096363,lo,1138.715157,1
6.516431632,11.43878683,113.9952967,71.8035096,3.286818295,NW,4.19E-05,132,1200.711869,0,0,0,1,127.7102672,lo,733.8913999,0
5.648324386,2.430052525,56.91409852,36.8695396,5.415855065,W,4.12E-05,109,1140.650873,0,1,1,0,122.5449071,hi,554.7429944,0
9.988978784,9.886809582,57.73435407,27.19647846,6.659401183,W,3.53E-05,111,1077.853106,0,0,0,1,120.9064378,hi,495.9180874,0
5.376246799,9.094977707,72.35742923,33.46820641,16.36495207,E,4.48E-05,134,1293.576794,0,0,0,1,142.8776,med,758.2102124,1
8.291525757,4.819969808,63.62664228,24.79521724,14.07401008,N,4.61E-05,135,1324.381015,0,0,1,0,136.7209151,hi,875.0344802,1
8.541966133,7.792133858,61.06690304,39.64379064,2.888261634,SE,4.20E-05,119,1174.549567,0,0,1,0,120.1659279,hi,679.221632,0
4.336471772,8.925064345,38.52324143,3.741803873,13.16344292,SE,4.06E-05,113,1152.474563,0,0,0,1,130.1782966,med,562.3379035,0
6.752340369,10.85045455,80.0428859,42.90278622,11.50123928,S,3.92E-05,122,1123.98198,0,0,1,0,113.0365873,hi,740.7916063,0
8.660255974,9.816041075,86.85592605,44.35192655,13.39071373,NE,4.15E-05,136,1236.16251,0,0,0,1,135.2645203,med,886.1113325,1
9.779601075,11.75472204,64.93025636,22.47021544,12.54839331,W,4.07E-05,122,1163.287529,0,0,0,1,126.0919231,med,618.956028,0
6.633970424,10.84279256,59.54850111,32.9878092,8.068421258,SW,5.17E-05,139,1389.251101,1,0,0,1,131.9794925,hi,1087.062275,0
8.709253198,3.877892517,58.41539377,63.23130082,7.765686369,W,2.72E-05,81,825.2449884,0,0,1,0,88.23475727,hi,122.2907373,0
8.490887306,5.077685234,45.62637453,14.57151836,6.387877211,E,3.12E-05,76,837.07914,0,0,0,0,86.99089583,hi,209.8742535,1
12.88505991,10.26547443,99.00186111,64.40197559,10.60570586,SE,3.78E-05,129,1206.792114,0,0,1,0,121.002049,med,887.4518927,1
6.596336665,7.583662153,91.56897551,56.4151472,6.47076043,E,5.08E-05,134,1373.62485,1,0,1,0,119.2521671,med,1107.652734,1
8.752635754,9.092271246,63.25434093,23.66129368,10.65229593,S,3.71E-05,113,1130.385047,0,0,0,1,130.1042945,med,670.0783482,0
9.434422619,7.676166526,61.89128853,18.70764992,14.24415014,S,3.93E-05,129,1176.344099,0,0,0,1,121.6730669,med,796.7872799,0
8.786245395,9.141098324,81.26561908,31.96252852,16.80259928,W,4.02E-05,130,1245.581269,0,0,0,0,124.121202,med,721.1747007,1
8.639749268,12.30613093,63.58383276,31.18748507,14.68784408,NW,3.73E-05,116,1157.77536,0,0,0,1,125.8040379,hi,676.1486178,1
7.534414721,7.880769604,88.43250186,46.5967795,8.256907632,NW,4.36E-05,111,1152.603882,0,0,1,0,114.9419199,med,590.2659702,0
6.448316767,11.64764828,77.76383858,39.76722501,10.91907155,SE,4.45E-05,128,1270.501783,0,0,0,1,136.9215748,med,810.2932166,1
8.616659045,12.19879244,52.34359373,17.44180427,14.50406004,N,3.09E-05,93,916.0795987,0,0,0,1,102.3306701,hi,291.2168194,1
10.60204267,11.93328118,65.26066172,24.65700825,14.13944255,E,4.25E-05,131,1218.968583,0,0,0,1,133.6824823,hi,742.3060983,1
9.574583403,7.871084665,62.0163285,7.034497543,8.118836516,W,4.78E-05,147,1395.90281,1,0,1,0,120.5430066,lo,1304.851428,0
-1.813332159,-0.995540788,50.39484018,11.16669144,12.32028335,N,3.65E-05,121,1162.511077,0,0,0,1,124.4127121,hi,575.1029184,1
-0.972175525,2.964055655,75.60481831,2.849647895,22.40582663,NW,4.07E-05,148,1264.464505,0,0,1,0,130.441555,lo,1135.70569,1
1.150724955,-2.915539092,76.33516586,43.95657287,13.54356901,NW,4.36E-05,127,1202.683784,0,1,1,0,122.611278,med,668.5065843,1
-3.096549993,1.365884728,80.87968317,28.05988435,9.586674559,S,3.99E-05,146,1291.090748,0,1,0,0,134.8883022,lo,928.7151067,0
2.172993188,1.781389009,79.57020522,40.97132603,14.87126834,E,4.18E-05,136,1287.417074,0,0,0,1,140.8283084,lo,846.0017839,1
-3.552860574,1.437875197,61.01519004,35.92996386,0.401415663,N,3.90E-05,99,1071.621907,0,1,1,0,115.7661202,hi,304.9058703,0
0.732526594,-4.831369285,97.56584295,72.00678856,19.45655409,W,4.21E-05,119,1164.698818,0,1,1,0,126.7877656,hi,540.551935,1
-2.811654946,2.776157502,82.82766372,55.50778518,13.13257844,NW,4.00E-05,123,1177.015464,0,1,1,0,115.992939,hi,697.8863635,1
1.904009396,-0.662665365,61.94294244,28.10906888,9.624424965,SW,3.73E-05,126,1220.277081,0,1,0,1,134.0879101,hi,765.3000777,0
-1.026176242,-3.18647726,89.61984917,62.88844854,7.982091475,S,4.48E-05,142,1372.945734,1,0,1,0,117.4770703,hi,1270.86808,1
-2.739074156,0.442421264,62.67793522,23.22622125,11.57993785,SW,3.72E-05,123,1170.185649,0,1,0,1,132.4199794,hi,718.9490827,0
-4.214323979,3.247417163,71.89787676,13.2842656,10.10250425,NW,4.82E-05,136,1320.315515,0,1,1,0,141.8233263,lo,861.6535262,0
-2.022199366,-0.818908341,80.53889885,57.89621527,12.32401123,NW,4.54E-05,108,1149.222209,0,1,0,1,128.8655053,med,380.123748,0
-1.60906674,1.791738247,79.75540882,35.45909895,8.5661686,SW,4.10E-05,113,1178.227969,0,1,1,0,119.9471762,med,663.2456361,0
3.314125424,-1.814993309,85.90021164,35.31852487,5.698033752,SW,3.90E-05,137,1283.623077,0,1,0,0,136.2897217,lo,763.3119844,0
-2.631244787,3.34768749,59.82411424,21.36318594,18.40220171,NE,3.44E-05,113,1065.906557,0,0,0,1,111.888434,hi,559.298443,1
-1.565950936,-5.909217442,72.16223033,33.65069525,14.404193,S,5.14E-05,147,1386.243254,1,0,1,0,122.1817449,med,1318.727604,1
2.238899481,1.881369987,90.74065566,69.7574952,14.33026244,E,4.04E-05,139,1227.363139,0,1,0,1,143.9740196,hi,745.4911389,1
-2.741627645,-0.135751588,70.98245624,45.50839948,6.586226871,NE,4.18E-05,115,1108.18788,0,0,0,1,119.5605208,hi,576.4342327,0
1.198206537,-0.515237698,51.3234034,46.25097678,5.358724751,S,4.31E-05,89,1072.052884,0,1,0,1,119.4798643,hi,318.1253435,0
-1.85712565,-1.123233597,82.36798294,46.37104602,13.23772243,NW,4.35E-05,119,1158.726798,0,1,0,1,126.2918267,hi,616.2406116,1
2.517050005,-1.707489333,83.57953632,74.24937706,13.77072391,W,4.25E-05,97,1062.143107,0,1,0,1,121.6369353,hi,299.846567,1
-3.096144202,1.199288609,74.16888802,39.57318714,0,SW,4.09E-05,129,1242.327535,0,1,1,0,124.3013664,med,662.4251477,0
0.859757948,-2.684577207,82.42752736,45.46787602,15.12875759,SE,4.50E-05,140,1359.955501,1,0,0,1,124.9470353,hi,1056.942979,1
0.441973588,1.80390857,91.66241773,50.1553422,13.90770598,NW,4.10E-05,121,1118.473323,0,1,1,0,117.0285191,med,466.9360051,1
-2.486019976,0.960053364,59.83254624,38.85115347,12.3808197,N,3.98E-05,120,1197.604932,0,0,0,0,120.0638305,hi,579.7895036,1
-6.151099689,1.440657041,76.27342785,34.84983774,19.78590165,NE,4.43E-05,143,1319.30452,0,0,0,1,144.5972145,hi,1012.967205,1
-8.464618688,-4.143634913,46.48172268,4.342189627,12.54836228,NE,4.39E-05,138,1299.252905,0,0,0,1,137.4233011,hi,853.0622656,0
-1.800397968,-1.172395933,69.81155191,41.89549262,11.5983036,W,3.99E-05,114,1136.631219,0,1,0,1,128.3959974,med,540.2422697,0
-0.31692809,0.903699239,44.58601237,20.24289173,11.12067914,S,4.48E-05,117,1216.446783,0,1,0,1,137.7809408,hi,667.8762675,0
-0.718240175,-3.118818913,55.30872536,0.248987956,17.27519138,S,4.06E-05,121,1147.534389,0,1,0,1,130.8855737,med,540.0906402,1
-2.124132195,-0.439270891,55.82663942,34.86054891,1.854188159,W,3.99E-05,97,1029.646865,0,0,0,1,110.8593811,hi,491.0426319,0
2.222057284,-0.317074407,79.70296283,17.20985361,10.18337646,N,4.00E-05,132,1236.789485,0,0,1,0,124.6709637,lo,616.0494146,1
-2.334633234,-1.873764269,93.89701566,48.24108201,10.42474048,NW,4.17E-05,129,1210.034357,0,1,1,0,119.4044093,med,720.7908604,1
-5.771022072,1.962060806,80.56943199,63.9977033,8.13834899,NW,4.47E-05,108,1152.138539,0,0,0,1,125.71182,hi,526.4990501,0
-3.771882944,-3.689017038,51.77980185,42.24896568,13.01760134,SW,4.10E-05,87,1074.119676,0,0,1,0,113.950754,hi,292.282299,1
-0.300575015,0.494377341,61.52204287,19.32146439,3.027585074,N,3.81E-05,117,1187.238821,0,1,1,0,125.5029069,hi,566.245198,0
-3.591694955,3.12975196,99.77267344,46.41880581,13.61231292,SW,4.31E-05,143,1282.453572,0,1,1,0,137.3514017,lo,963.9480652,0
-2.512060448,0.449295637,81.0264352,44.62428854,6.755578009,N,4.46E-05,146,1341.582911,1,0,0,1,124.4755295,hi,1532.012508,1
-3.922154293,-0.938287356,86.61860601,74.05929537,11.41108843,SW,3.84E-05,113,1057.881293,0,0,1,0,102.1935058,hi,539.8075598,1
-5.187202203,0.100359788,49.47228581,20.39774187,7.637119504,N,3.44E-05,104,1016.720884,0,1,0,0,104.798973,hi,437.0956747,0
-2.273250825,-2.948076448,76.43411304,55.0576315,15.74243138,E,3.80E-05,106,1083.6775,0,0,1,0,112.3630392,hi,518.6298923,1
0.22491557,0.359185231,73.73082035,35.63879743,14.41941886,NW,4.37E-05,133,1276.922911,0,1,0,0,130.2175236,hi,830.069157,1
-4.785868373,3.142667915,73.84042839,36.28280182,16.570904,E,3.78E-05,106,1075.340746,0,1,0,1,119.6529778,hi,527.1299883,1
1.359708437,-1.907542213,66.16457677,19.31014611,11.78041679,S,5.13E-05,139,1379.300234,1,0,0,0,126.1935095,lo,1157.136353,0
-0.725232282,1.375776277,84.83173866,44.82874733,10.9389821,SE,4.41E-05,135,1240.268476,0,1,1,0,126.8947502,lo,874.4377682,0
0.080232309,-2.484053286,83.98383,71.3518729,14.04064035,NE,4.54E-05,106,1227.963252,0,1,0,1,139.3631782,hi,612.3121633,1
-3.275538039,0.731396586,79.29403752,42.65488586,19.72531155,S,3.67E-05,119,1133.386423,0,0,0,1,132.4912629,hi,557.0529247,1
-2.788376883,3.518044812,57.33905469,23.43011404,0,E,3.73E-05,113,1113.675611,0,1,0,1,124.8317259,hi,455.020666,0
-2.566454893,-2.908607031,80.31157424,51.04061178,12.9825121,N,4.11E-05,128,1180.087061,0,0,0,1,129.3260363,hi,650.4055039,0
-0.456651876,1.737491368,77.53267223,33.23272157,14.72204253,NW,4.08E-05,144,1292.400277,0,1,1,0,138.5040409,med,910.3397864,1
-6.023688005,-1.424701059,110.3036911,74.02399601,6.899146872,E,4.46E-05,152,1358.828136,1,0,0,0,124.5149792,lo,1274.552263,0
-3.065692012,3.057879616,80.58843512,42.16843595,12.97276523,SE,4.11E-05,118,1176.20505,0,1,0,1,132.544831,med,770.253441,1
2.33625951,-2.375743034,73.93602776,60.1811891,18.03308405,SW,3.88E-05,102,1071.923935,0,1,0,1,124.3360277,hi,451.9370795,1
-1.355393218,0.879454279,66.10807643,41.81301872,14.38484546,S,3.83E-05,91,984.8690756,0,1,0,0,102.6887911,hi,362.9602131,0
-6.101300142,-0.727969915,79.51236712,49.375429,7.719408797,E,3.80E-05,104,1087.014822,0,0,0,1,119.9237947,lo,533.2495537,1
-4.530143721,-0.479796461,47.75754654,14.47061595,4.832179352,NE,4.25E-05,120,1233.79715,0,1,0,1,140.437374,lo,538.9499548,0
-0.209357463,6.560061963,94.79277841,44.90819275,11.96214491,W,4.82E-05,148,1388.39301,1,0,1,0,126.8848813,lo,1241.492228,0
-2.408832889,-0.412943039,91.69163768,44.51548442,1.27306886,SW,4.31E-05,141,1264.641566,0,1,1,0,130.8805039,lo,889.9959051,1
-1.041928311,7.174098302,83.46801993,49.32803836,16.63857354,S,4.00E-05,107,1097.297316,0,1,0,0,112.1189453,hi,487.12407,1
-1.413956184,-6.662078115,61.96814109,19.92957004,8.56214075,S,3.79E-05,124,1175.147274,0,0,1,0,117.8003249,med,774.7223195,0
-1.676473453,2.427670977,62.76359901,18.30776032,15.14566592,SW,3.69E-05,132,1255.158218,0,1,0,1,146.2651096,med,673.4609711,0
-2.106541542,-2.274686152,81.21285524,52.09100935,6.279969443,SE,4.40E-05,150,1362.353462,1,1,1,0,119.8995311,med,1268.845107,0
-2.814334129,0.04425537,60.51582096,28.44945902,12.78157808,E,4.13E-05,107,1116.054592,0,1,0,1,121.7877488,hi,353.828688,0
-0.766949849,-1.135409718,96.62408636,81.45263599,14.64111926,SE,4.71E-05,118,1211.901998,0,1,1,0,120.9234539,hi,615.7276701,1
-1.55680535,-3.36595186,58.70996654,43.14720148,13.12563895,SW,4.09E-05,105,1073.873451,0,0,1,0,108.5261855,hi,382.16249,1
-4.613069432,0.804953126,68.94445625,47.71793848,14.18659139,S,4.27E-05,97,1104.830655,0,0,0,1,124.079277,hi,381.0095049,1
-1.925673832,-2.765070201,76.64630324,40.36090747,9.345820549,SW,3.96E-05,116,1138.96574,0,1,0,1,127.8029226,hi,529.7596601,1
-1.997512886,6.347293517,85.0331613,63.8769887,12.29224138,SW,3.94E-05,110,1100.2204,0,1,0,1,127.0216768,hi,516.8596595,0
-1.760601976,4.789547199,40.33892232,17.47941301,15.54836941,NE,3.91E-05,118,1121.390317,0,1,1,0,118.8926136,hi,535.1983085,1
-4.16422488,3.702770943,71.36920624,39.01560583,10.59703901,SW,4.15E-05,118,1151.720989,0,1,1,0,121.8500933,hi,731.8244974,0
-6.005926032,-4.408364285,84.46305083,45.99871068,10.19616053,W,4.60E-05,142,1319.824163,0,0,0,0,136.0221807,hi,993.5565335,1
-0.231265502,-0.146060331,57.83249495,11.0922875,18.18455059,W,3.76E-05,91,1011.616674,0,1,1,0,105.2847017,hi,317.0770103,1
0.656780309,-1.273370894,86.31046739,55.10097893,10.22086949,SE,4.75E-05,137,1296.959028,0,1,1,0,133.3812341,hi,775.7362569,0
-4.263733999,-1.730407786,83.15143116,47.75422986,13.23481285,N,3.92E-05,108,1056.083308,0,0,0,1,121.370884,med,501.6458232,1
-2.052909934,3.749737675,44.96066231,8.794331722,7.798113666,NE,3.90E-05,100,1058.397223,0,0,1,0,105.506413,hi,361.6232259,1
-3.161532639,-2.529106494,51.07395232,21.64855806,12.19030497,N,4.32E-05,123,1223.79277,0,1,1,0,123.1129957,hi,774.0033588,0
-1.815331311,3.938128485,71.93603325,35.3598217,5.694754848,SE,3.73E-05,103,1033.815511,0,1,0,1,114.8035673,hi,281.1974247,0
-2.682035062,0.62494976,46.08841713,10.51537156,0.280264269,NE,4.08E-05,118,1159.927193,0,1,0,1,131.7607044,med,551.3303393,0
-2.158497475,-3.727581267,79.13469784,42.22734654,7.133417206,W,4.30E-05,131,1245.477319,0,1,1,0,128.7265157,hi,744.186606,0
-4.221657773,-1.156791503,93.62528426,54.84562802,10.09692866,NW,4.05E-05,131,1230.642895,0,1,0,1,139.9510481,lo,690.2936445,0
-2.67339905,2.560621329,94.99894949,51.93462337,14.50638192,S,4.25E-05,132,1210.443806,0,1,0,1,140.5900506,lo,718.4535004,1
2.950343905,3.279986977,47.70027831,6.618463744,6.118312299,N,4.53E-05,138,1339.422412,0,0,0,1,149.2685066,med,860.670347,0
-0.777996006,1.91831086,67.25707999,33.40081063,5.696734889,NW,4.97E-05,151,1405.128905,1,0,0,0,121.734637,hi,1362.014711,0
-3.968890538,-0.031448273,37.97573584,6.706531638,0.479945262,E,4.60E-05,103,1114.77613,0,1,1,0,121.2753664,hi,388.9959991,0
-1.311592787,-2.545006606,76.45333799,31.34325232,16.34709209,W,3.92E-05,139,1219.23261,0,1,1,0,125.9713597,lo,831.5418258,1
0.576100184,2.286727988,97.89022887,54.5129527,13.16844051,NE,4.79E-05,147,1406.540528,1,0,1,0,119.6052481,lo,1276.042334,1
-1.704770803,1.808735215,68.33407746,35.28045063,6.416663295,SE,4.05E-05,103,1022.579086,0,0,1,0,103.4265945,hi,469.8826446,1
-1.317129887,-3.960270108,66.97531921,65.30858198,8.881599799,W,4.02E-05,78,930.4682215,0,1,0,1,110.8236514,hi,115.2515457,0
-2.739730337,6.139198584,85.81768989,30.77730105,9.394284203,SE,4.74E-05,139,1279.63872,0,1,0,1,141.0708735,lo,1010.908554,0
-5.747874028,1.575740036,49.09566749,25.20176704,12.40928517,SW,4.19E-05,108,1114.614264,0,0,1,0,112.8292392,hi,481.4835228,0
0.341980664,-4.636319563,59.80258803,49.90714909,7.782353349,NE,3.39E-05,101,1047.109201,0,0,0,1,116.7746558,hi,399.3866618,0
-9.240516297,-0.443344791,91.76941339,37.18833908,9.389407959,NE,4.70E-05,148,1354.7939,1,0,0,0,116.8040653,lo,1293.430887,1
2.784235667,1.991961129,82.73282677,55.81401879,11.22082559,W,3.73E-05,108,1019.219425,0,1,0,1,116.1537272,hi,487.2565906,1
-1.570527252,0.448140646,66.7774266,37.64211568,11.4794856,N,3.43E-05,115,1049.867668,0,1,0,1,111.8726327,hi,443.1718016,0
-3.323120393,2.311902577,64.98577171,46.57516569,6.544106733,SW,4.53E-05,113,1245.054787,0,0,0,1,134.7063151,hi,516.7664012,0
-5.983313756,-0.495934441,72.47039106,37.10019693,10.56507354,N,3.38E-05,103,1032.762743,0,0,0,1,111.219588,hi,376.2948785,1
-0.639811771,0.449900217,60.52240726,38.73695979,8.589249408,S,4.23E-05,124,1149.345739,0,1,0,1,129.6363134,hi,629.0215817,0
-3.466228484,-0.148652003,68.49517955,4.842320894,11.50965773,S,3.53E-05,129,1138.867891,0,1,0,1,135.0164235,lo,606.9966817,0
1.198062506,-0.585765192,52.57209835,7.87122265,17.42912967,S,4.76E-05,145,1335.412238,0,1,1,0,138.769232,med,851.0644313,0
0.619352945,3.438629727,56.60089856,5.16515116,15.84821002,SW,4.51E-05,139,1340.839519,0,1,0,1,151.281651,lo,934.5008537,0
2.563481731,2.059883254,104.8735483,63.50566645,14.88375284,NW,4.44E-05,134,1243.022044,0,0,0,1,144.1890844,lo,919.3755272,1
-1.058340005,2.054668005,54.87463025,38.98056973,15.3779835,S,3.78E-05,79,923.1988704,0,0,1,0,93.40167918,hi,192.8158911,0
-1.063309259,-0.04376468,66.30291308,31.23670933,0,S,3.60E-05,105,1062.06137,0,1,0,0,113.7286603,hi,366.3057272,0
-1.808844583,2.225153721,49.28710336,21.31014507,4.003619204,N,4.78E-05,119,1246.353374,0,0,0,1,132.3971421,med,515.0944418,0
-1.740080064,-2.31215267,64.46739542,39.95093304,11.17988531,NE,3.49E-05,120,1150.204693,0,1,1,0,122.9621007,hi,571.4727361,0
-5.143216751,-0.249370837,56.14525727,39.98128567,6.16248199,SE,4.27E-05,100,1084.642432,0,0,0,1,118.2725327,hi,302.8727198,0
0.959529764,-0.915243078,57.11146207,28.77169334,5.73983497,NE,4.42E-05,107,1120.589208,0,1,0,1,131.8538666,hi,422.1949019,0
-1.637578104,0.603180048,58.51676205,23.69895584,4.795903867,SW,4.05E-05,126,1230.260194,0,1,0,0,124.7186108,hi,758.3942341,0
-0.691299516,-2.732585762,57.33774244,26.6964772,16.41152269,E,3.74E-05,100,1093.111402,0,0,0,0,115.5958582,hi,449.8837605,1
-4.97852982,-0.558299467,58.55671855,6.858497137,11.53050193,NE,3.58E-05,139,1250.45995,0,1,0,0,125.8663379,lo,817.6696393,0
0.305207081,0.677659759,84.96508996,43.72590993,17.52252661,SW,3.78E-05,115,1135.270329,0,1,0,0,119.9403348,lo,552.8787457,0
0.900379271,-1.652857722,72.99946014,50.60867131,13.3374293,SE,4.10E-05,121,1178.543964,0,0,1,0,119.1785022,hi,526.6759754,1
-3.790351995,0.977401382,90.6576955,44.78926127,3.503190043,S,4.71E-05,134,1321.893768,0,1,0,0,138.2898082,lo,786.7539377,0
-2.693221329,1.277515122,83.04030353,44.776729,12.90854173,NW,4.34E-05,131,1253.772087,0,1,0,1,136.6737081,med,873.1731554,0
1.879031074,2.693062261,86.36627758,39.24747414,15.34355596,NW,4.60E-05,145,1368.033089,1,0,0,0,123.750964,lo,1276.167061,1
-4.322893913,1.842733374,57.3001157,22.13110335,7.938486903,W,4.95E-05,123,1305.844649,0,0,0,1,141.9603677,hi,651.3516684,0
-4.681031401,1.219968203,91.63316543,49.85716545,20.68274906,N,4.19E-05,137,1245.441646,0,1,0,1,134.9558031,med,848.5567214,1
-2.184954456,-1.944823661,78.12933334,42.14292093,9.327652979,E,3.84E-05,118,1072.7352,0,1,0,1,118.4025232,med,588.9400524,1
-0.485092806,3.214539943,76.00617228,38.074657,11.74250568,S,3.83E-05,127,1202.171466,0,0,1,0,122.6454611,hi,803.762366,1
1.090444626,-0.776280236,81.61802615,60.28629988,21.48654939,SE,4.12E-05,111,1147.009879,0,0,1,0,117.7630142,hi,588.7538137,1
-3.829595353,1.669168137,70.81003169,36.7173452,17.66014594,S,4.27E-05,120,1216.350723,0,0,0,1,137.8601839,hi,748.1393279,1
1.327720428,-0.852008219,50.39859292,24.86061618,14.03193231,N,3.39E-05,92,955.4479142,0,0,0,1,113.6588458,hi,195.0057043,1
-3.422706604,0.700262611,64.82155711,32.39352548,2.006818627,S,4.44E-05,122,1208.812257,0,1,0,1,130.7773572,med,542.3079598,0
-0.665476191,-4.482759294,112.5364527,76.22929929,12.42309245,SW,4.61E-05,141,1349.875154,0,1,0,1,143.20779,lo,1034.758436,1
-1.005017913,-1.145099139,57.95483344,20.29167989,7.850140003,SW,3.76E-05,109,1100.150087,0,1,1,0,115.9076742,hi,425.3808536,0
-1.012812276,1.739598817,80.3536217,65.15505176,12.84469984,W,4.53E-05,107,1145.049978,0,1,0,1,134.0094936,hi,443.2443999,0
-4.493846698,-1.089429824,100.4526777,51.8047845,8.121549467,SW,3.97E-05,158,1322.612515,0,1,0,1,148.6100635,lo,986.649066,1
-1.096016682,2.905539713,52.09520794,21.15673075,2.874051112,N,3.14E-05,113,1052.713458,0,0,0,1,117.9395361,hi,469.571137,0
-0.095706247,-1.737907852,75.07394405,34.98823089,11.92209059,W,3.74E-05,135,1282.67514,0,1,0,1,142.8817887,hi,905.5460149,1
1.03714827,2.134398593,88.35926137,41.45216752,4.771422981,N,4.10E-05,144,1287.150226,0,1,1,0,138.5054199,lo,965.2141099,0
-11.06130519,-2.301118153,62.20274123,27.20401468,5.374866632,NE,2.97E-05,95,931.3708208,0,0,1,0,95.24122607,med,425.3904379,0
0.982427833,-1.158586668,76.22383829,24.46169281,16.62987492,N,4.35E-05,132,1290.22742,0,1,0,1,137.4286301,lo,729.4516324,1
-2.913134285,-2.987375215,62.73134332,34.10955146,6.146727921,W,3.57E-05,103,1032.238859,0,1,0,1,118.276412,med,324.6244615,0
-3.198577257,1.394021296,73.433922,44.37758242,10.62346845,N,3.96E-05,124,1200.338077,0,1,0,1,134.4433268,hi,721.2040367,0
0.868274716,-7.198843464,65.28608361,31.04464483,0.695332287,E,4.60E-05,140,1326.874057,0,0,0,0,129.6034166,hi,851.0447798,0
-0.389934583,-5.726182998,97.77246699,54.20284421,1.020337497,SE,4.59E-05,145,1301.178994,0,1,0,1,144.9623799,lo,961.8594543,0
3.444514473,-5.64917591,59.40329757,9.848329188,9.617821083,NW,3.25E-05,125,1077.325147,0,0,0,1,118.041161,lo,716.5207074,0
2.101272953,-4.57901882,77.78640075,27.44578943,14.90804808,S,4.76E-05,148,1415.062468,1,0,1,0,124.3630474,lo,1364.813203,1
-1.009138434,-8.859395922,74.46412546,46.90007068,13.95392511,W,4.00E-05,132,1209.722233,0,0,1,0,125.4658724,med,765.2893882,1
0.814080113,-8.353731243,104.9368951,51.79907281,1.000656371,SW,4.38E-05,153,1415.938526,1,0,0,0,122.0576928,lo,1502.77375,0
5.458113538,-5.150708988,75.68114617,32.83671616,11.52851526,E,3.67E-05,123,1108.35772,0,1,0,1,124.5117627,med,662.4468743,1
4.301695343,-3.912639149,84.86585954,30.37821103,7.546116044,NW,4.14E-05,124,1191.302732,0,1,1,0,121.0932379,lo,599.1688618,0
1.602908343,-7.730804846,73.9174519,36.22397395,6.337106298,S,4.84E-05,129,1344.463254,1,0,0,0,116.8769387,hi,1116.864158,0
1.572354939,-10.34507922,54.22815212,15.15981851,6.453563117,NE,4.13E-05,127,1167.963642,0,0,1,0,113.3096817,hi,686.4607941,0
6.417822656,-4.912444821,42.64775131,16.94546309,11.69033298,E,4.33E-05,115,1184.962466,0,1,1,0,119.0316041,hi,485.3632035,1
4.599816098,-4.733490226,74.77735429,26.94355913,18.10944999,NW,3.62E-05,142,1229.579458,0,1,0,1,135.7581018,hi,871.6001833,1
5.291289155,-5.365519345,74.82937605,44.24257384,8.267640834,E,4.53E-05,125,1239.489478,0,1,1,0,126.9706823,hi,646.6287419,1
2.652418912,-5.056998825,60.36839017,15.76286427,7.707092829,N,4.05E-05,116,1114.836111,0,1,0,1,126.7599556,med,563.4696281,0
3.734519021,-5.070720169,87.28077447,41.61510653,19.38906174,SW,3.95E-05,122,1165.469284,0,1,0,1,130.3254301,lo,695.6260452,1
1.168059688,-6.963781002,69.65801452,38.46289754,7.941291449,W,3.53E-05,114,1068.018926,0,0,1,0,108.7017325,hi,513.9223264,0
5.547795714,-9.216595067,71.83489531,24.62984579,4.326315511,SE,4.13E-05,136,1210.895623,0,1,1,0,120.7827636,lo,778.6334567,0
0.885960383,-7.627364791,83.95435218,46.49972084,11.95589876,NW,4.37E-05,101,1089.804677,0,1,0,1,121.6776662,hi,424.1631525,1
6.211822292,-3.382935345,47.66376673,1.200049019,10.11385262,S,3.88E-05,108,1064.602699,0,1,0,1,120.3978403,med,421.6050191,0
3.515645694,-3.700754349,60.88229409,32.78131731,14.21667015,SW,4.23E-05,106,1134.612097,0,1,0,1,126.7505265,hi,460.8282611,0
1.031417587,-9.532781384,96.97222508,61.69353404,16.70467315,N,3.98E-05,133,1225.596985,0,0,0,0,126.0391904,med,839.291285,1
2.525036854,-7.03614285,58.50695634,26.98055885,6.735640717,E,3.71E-05,106,1091.11974,0,0,1,0,110.8896398,med,585.9841489,0
2.258655936,-8.067257601,55.36657859,14.29364871,24.60219507,NE,3.96E-05,110,1117.696388,0,0,0,1,130.9782126,hi,494.0448568,1
1.686983585,-5.996141654,55.4446923,20.06895367,10.98733147,SE,3.88E-05,94,1007.773378,0,0,1,0,99.81868267,hi,158.5797168,1
3.234092401,-8.932089544,59.71543726,22.40191485,5.915192832,W,3.05E-05,93,934.2795076,0,1,1,0,102.631797,hi,407.7938897,0
2.036875023,-5.976462154,78.91631405,49.90595494,15.5765645,W,3.27E-05,110,1026.587488,0,1,0,0,109.898351,hi,463.6588222,1
3.209358691,-5.37056503,110.4006419,54.59420031,11.30963433,E,4.96E-05,136,1317.190987,0,1,0,1,142.7751638,lo,846.8842155,0
1.045899203,-6.580388003,60.84864961,19.06966058,5.02981378,SE,4.23E-05,116,1143.81526,0,1,1,0,120.1881468,med,595.9849336,0
5.968215171,-4.565771873,97.80779575,50.39689976,9.188506346,NW,4.23E-05,144,1272.537119,0,1,0,1,140.3600064,lo,831.8523584,0
6.331847944,-5.074723323,69.99769097,57.99167717,16.32700899,S,3.70E-05,108,1042.738186,0,1,1,0,111.5014626,hi,436.1166742,0
-1.441181004,-6.197069787,105.8434086,67.51432629,17.05861057,NW,3.97E-05,136,1248.367454,0,0,1,0,127.6168206,lo,918.6747382,1
3.107532362,-3.262505371,77.84419547,38.49291811,10.80953545,NW,4.17E-05,125,1165.296734,0,1,1,0,121.8998938,lo,816.9974005,0
2.072778922,-8.164711687,69.90264806,32.41412014,4.450376371,SE,4.26E-05,119,1183.894089,0,1,0,1,134.283997,hi,623.5645282,0
1.313240698,-9.570200529,73.718924,47.95009855,9.008799994,E,3.47E-05,111,1065.010995,0,0,0,1,124.4865499,hi,362.1550929,0
1.272571755,-8.379976906,53.93972099,20.30550692,9.469491543,N,3.69E-05,110,1053.769446,0,1,0,1,118.6205424,hi,514.8217845,0
3.728055284,-5.088511361,66.22982268,19.08404726,13.92939364,W,3.74E-05,129,1211.842312,0,0,1,0,121.5995002,lo,512.8105457,1
3.469163876,-7.675369018,62.64514762,45.66593535,12.31469686,NE,4.30E-05,99,1111.217283,0,0,0,0,112.658461,hi,406.2782563,1
4.867838035,-5.322990677,62.81811739,25.85920139,6.080202978,NW,3.59E-05,111,1073.91213,0,1,0,1,123.5297006,hi,391.9874324,0
0.422567529,-10.53250818,81.69501406,37.24959049,14.68943053,SE,4.59E-05,147,1341.14149,0,0,0,1,146.5911365,lo,1017.297319,1
4.239963854,-3.269459253,57.31992033,17.90696139,11.98777963,SE,4.31E-05,123,1174.375517,0,1,1,0,124.5136662,hi,624.5993865,0
1.816199759,-7.053625985,84.60117242,43.25248803,15.22946527,S,4.18E-05,129,1183.201698,0,1,1,0,122.9640701,lo,694.1186222,1
-0.751986366,-7.820108273,82.14084464,86.45485627,15.78382718,NE,3.25E-05,79,861.9739684,0,0,0,1,98.30534662,hi,111.4039297,1
4.265015325,-7.141277401,90.82931669,71.09336197,1.730866618,SW,4.43E-05,118,1190.217215,0,1,0,0,125.0363525,hi,618.447892,0
6.0902276,-1.667221546,95.16390758,80.07599022,12.89162905,E,4.39E-05,125,1213.870261,0,0,0,1,131.9134255,hi,809.546084,1
5.118517376,-7.478443809,121.2486332,62.13141615,11.53337883,NE,4.91E-05,146,1381.417956,1,0,1,0,124.4431451,lo,1440.892176,1
6.268809489,-2.954906396,31.11094858,3.391164934,9.100002507,E,3.34E-05,110,1011.083959,0,1,0,1,109.094398,hi,407.974733,1
1.387059666,-8.243448665,104.9513159,78.79726714,3.296939483,W,4.63E-05,131,1279.579473,0,1,0,1,143.9732491,hi,719.7440101,0
0.902189333,-4.254199036,100.8424265,64.03486826,18.57370561,N,4.61E-05,142,1326.718189,0,1,1,0,137.9427464,hi,914.9739165,1
0.541703504,-8.958400955,63.61026446,42.02768893,9.09492693,N,3.91E-05,105,1013.379063,0,0,1,0,102.1203792,hi,382.1104349,0
-0.082435736,-7.04068484,83.04485,42.42962164,3.227406156,SW,4.61E-05,134,1281.762932,0,1,1,0,129.9734216,med,896.204155,0
5.09686343,-3.763197768,57.70899512,33.4753328,14.65104551,S,3.99E-05,107,1134.499826,0,1,1,0,119.4162502,hi,568.6775682,1
2.446607544,-5.667167304,89.62214032,71.61858651,18.56567209,NE,3.69E-05,109,1091.862709,0,0,0,1,117.6043475,hi,474.810661,1
1.958670712,-8.312213315,77.35755011,33.41999545,12.12891645,E,4.18E-05,118,1169.485198,0,0,0,1,132.6902449,med,583.578031,1
1.2373978,-4.948988905,60.32842395,53.59114212,4.626780737,S,4.17E-05,109,1124.385392,0,0,0,1,127.9034438,hi,418.423952,0
2.858868246,-6.969275948,64.83463894,40.85047525,7.004517213,N,4.36E-05,132,1240.693779,0,1,1,0,128.0819712,hi,721.6850375,0
4.144900029,-9.798354254,69.88658767,34.19829914,10.35943238,N,3.82E-05,118,1139.081683,0,0,0,0,117.6725879,hi,632.2406983,0
1.718366834,-9.438490561,60.10389712,28.49318549,12.44314433,S,4.01E-05,95,997.9495414,0,0,0,1,105.4729496,med,300.097847,0
2.885247798,-5.143157251,47.10844518,15.58682521,3.988454216,E,3.82E-05,113,1116.005312,0,1,1,0,116.422872,hi,563.9432213,0
2.007999874,-9.891467793,77.3775548,42.52194972,19.6204125,W,3.95E-05,123,1109.007279,0,0,0,1,125.3460392,lo,640.4565868,1
5.189811023,-2.644562272,82.78554786,51.17115255,17.56358136,N,4.87E-05,119,1224.182977,0,1,0,0,121.2607749,med,638.1553189,1
2.279072411,-5.501658815,65.2863807,29.66685311,7.802837273,SW,3.88E-05,123,1127.957005,0,1,1,0,117.5966639,med,507.5257117,0
3.475777776,-7.573495161,88.47510036,32.46073381,6.553305017,E,4.58E-05,179,1491.670517,1,0,0,0,129.1523329,lo,1806.521334,0
-0.148831392,-7.413104342,80.08561875,43.32157051,12.99648754,S,4.09E-05,136,1309.752517,0,0,0,1,140.7809484,hi,916.8208745,1
1.183395824,-6.56866231,66.26888036,37.32633348,19.60443821,NE,4.02E-05,143,1234.978442,0,0,0,1,138.103862,hi,861.6579309,1
-3.493195618,-13.92719739,81.39953734,60.9296462,18.54045104,NW,4.16E-05,103,1075.585405,0,0,1,0,107.9501014,hi,394.6725547,1
4.956692008,0.390120803,64.48830272,30.65514152,9.672974698,N,4.21E-05,122,1168.147846,0,1,1,0,119.6203196,hi,740.5685343,0
7.669622106,-6.548618203,68.54555637,26.26845177,15.27952344,NE,3.68E-05,99,961.4622762,0,0,0,1,111.1162918,lo,293.8504284,1
4.490926413,-6.121106029,62.98692914,26.49884183,13.24239643,S,3.71E-05,106,1095.153601,0,1,0,1,129.1626983,med,379.6965519,0
3.020546347,-5.293210055,38.94396298,8.897035735,13.92994457,E,3.28E-05,88,941.8305349,0,0,1,0,98.50759389,hi,250.1565357,1
4.242220835,-8.105457491,79.15031564,43.55931357,11.18551206,SW,3.44E-05,121,1139.919261,0,0,1,0,119.3003631,lo,549.8934862,1
2.298155855,-2.946093277,65.0748917,31.05440459,18.25719941,SE,4.07E-05,119,1154.69978,0,0,0,1,127.3976188,hi,725.4284092,1
8.765433858,-2.207429708,63.63838901,17.06876878,7.588466071,N,4.50E-05,131,1280.08141,0,0,0,1,142.4277023,lo,755.5634797,0
2.75934962,-4.963473217,65.99845508,36.26922169,11.08509218,SW,4.27E-05,105,1119.310547,0,0,1,0,113.6685259,med,391.5513082,1
1.782835484,-6.2969557,41.44783517,1.994064215,12.92272574,NW,3.28E-05,101,979.5750699,0,1,1,0,103.1481034,hi,339.2283465,0
4.042310029,-9.303169973,94.74940021,37.48526197,14.31098016,NW,4.81E-05,158,1463.285434,1,0,1,0,130.6581732,lo,1415.470044,1
1.150440185,-6.207216102,73.05026758,41.68476229,13.47175992,W,3.76E-05,116,1108.873969,0,1,0,1,130.2383837,hi,498.4312702,1
6.048664467,0.590215369,70.43029127,48.96369033,9.220987342,SW,3.62E-05,127,1159.794118,0,1,1,0,126.5421388,hi,639.656067,0
3.790979697,-4.805205978,75.46278749,42.74722407,21.80299561,N,3.58E-05,134,1256.57502,0,1,1,0,128.9520818,hi,871.3614545,1
6.020124783,-4.379041075,78.16757786,51.01065666,0,SW,3.24E-05,121,1059.073767,0,0,1,0,105.9716815,hi,663.6031298,0
3.56955644,-4.240059637,81.68909281,44.70565766,11.07676036,W,3.64E-05,118,1093.800735,0,1,0,1,126.9849362,med,595.7462664,0
4.575926035,-2.697616875,57.90200631,41.99480591,4.923074289,SE,4.62E-05,109,1201.708404,0,0,0,0,126.0100144,hi,584.2602918,0
5.972366788,-3.154816024,34.44180269,0.417862673,6.11922839,NE,3.85E-05,109,1058.526589,0,0,0,1,117.1429941,hi,280.4945043,0
0.167510618,-6.389126313,69.54182612,53.57854602,2.579631491,W,3.91E-05,109,1075.514293,0,1,0,1,127.0056089,hi,214.4137581,0
1.355490761,-7.539987018,70.61755691,14.33381095,0,NE,4.16E-05,126,1191.576117,0,0,1,0,117.2887693,med,748.8468163,0
1.983515337,-5.760793336,71.12240565,32.10904311,18.78268818,NE,3.47E-05,122,1097.034993,0,1,1,0,114.2943414,med,612.5749508,1
0.832709181,-8.957260794,79.86917966,36.52787604,8.320429976,W,4.07E-05,116,1226.341001,0,0,0,0,126.5853732,lo,749.7450417,0
3.922493226,-5.917371089,65.61528521,56.21420051,5.418518363,SW,3.88E-05,89,997.0689646,0,1,0,0,102.0446649,hi,248.8101986,0
2.81383165,-2.078074968,74.51147131,42.96201245,11.92548047,NE,3.67E-05,114,1090.660268,0,1,1,0,113.6901801,hi,476.1926455,1
0.489591119,-8.511661136,44.68349513,16.20988413,13.60135393,S,3.83E-05,89,971.6927958,0,0,0,0,103.0018339,hi,228.0459817,1
1.393893778,-6.324583709,47.53416831,8.355353243,9.60911075,SE,4.25E-05,111,1090.79106,0,1,1,0,113.6830428,hi,488.1105865,1
3.873970446,-4.52378416,71.82409008,20.74518758,14.25597796,E,4.27E-05,119,1206.902345,0,1,0,1,139.1886303,med,692.255577,1
-0.648340095,-9.316215985,73.92650178,53.42796867,12.99637786,NW,4.63E-05,113,1150.863048,0,0,0,1,126.1748264,hi,571.3605364,1
5.04547302,-4.629543695,87.34496581,56.53007889,14.75564902,SE,4.13E-05,133,1233.787138,0,1,0,0,126.9993812,med,822.7173918,0
-0.573737474,-9.418940965,68.76190078,40.09562859,15.272863,SW,4.26E-05,151,1289.618377,0,0,1,0,129.9103689,hi,1091.331389,1
4.190299952,-6.017898507,54.4436448,23.59447697,14.52832971,E,4.35E-05,111,1100.09461,0,1,0,0,111.7328193,hi,571.4331371,1
-2.117636526,-12.38770905,89.90620919,29.88717677,8.494620896,NE,4.34E-05,155,1386.652627,1,0,1,0,121.5944658,lo,1260.704747,0
2.182323388,-7.110447229,54.14508622,14.08304434,17.52239793,E,4.31E-05,142,1194.198201,0,1,0,1,133.4530574,hi,692.3678304,1
5.436583372,-3.286499841,66.11415236,30.69740386,1.652198025,SW,4.01E-05,118,1162.070525,0,1,0,1,131.7481186,lo,492.0653351,0
3.879354343,-4.274063334,31.21870262,0,7.270257489,E,3.55E-05,88,1012.64554,0,1,0,1,119.8059524,hi,136.6740979,1
-0.302827464,-8.63895576,74.41748609,29.0829617,16.91950518,W,3.72E-05,126,1145.648588,0,0,0,1,127.5992969,lo,691.5643325,1
3.340432031,-5.026918351,86.25720932,50.93252723,10.95382876,N,4.34E-05,141,1332.562786,0,1,0,1,151.2349166,hi,851.2620849,0
2.373234904,-7.411258802,92.06696328,49.26315738,4.392311255,NW,4.01E-05,152,1359.576055,1,0,0,0,115.373761,lo,1246.491234,0
0.550394737,-6.851377547,78.87595181,37.21480401,19.32621515,S,3.72E-05,113,1070.498607,0,1,0,1,126.5177226,lo,509.7846726,1
5.365330027,-3.86697272,79.37359991,42.77489388,12.08075712,NE,4.60E-05,128,1273.699945,0,1,0,1,142.4132677,med,846.7056115,1
5.958980622,-4.975306367,77.8645777,44.73856485,11.26909773,NW,4.02E-05,122,1133.174647,0,1,0,1,128.5666959,med,610.0568814,0
4.835157912,-4.434440762,77.09574396,34.44485073,5.439857403,S,4.56E-05,131,1306.927261,0,1,0,0,138.9100578,med,896.4840815,0
6.14016691,-3.847751481,82.8627804,53.36418353,18.76683538,SW,3.98E-05,132,1192.543623,0,0,1,0,122.5335703,hi,744.2543721,0
